Country Name,Country Code,Series Name,Series Code,1960 [YR1960],1961 [YR1961],1962 [YR1962],1963 [YR1963],1964 [YR1964],1965 [YR1965],1966 [YR1966],1967 [YR1967],1968 [YR1968],1969 [YR1969],1970 [YR1970],1971 [YR1971],1972 [YR1972],1973 [YR1973],1974 [YR1974],1975 [YR1975],1976 [YR1976],1977 [YR1977],1978 [YR1978],1979 [YR1979],1980 [YR1980],1981 [YR1981],1982 [YR1982],1983 [YR1983],1984 [YR1984],1985 [YR1985],1986 [YR1986],1987 [YR1987],1988 [YR1988],1989 [YR1989],1990 [YR1990],1991 [YR1991],1992 [YR1992],1993 [YR1993],1994 [YR1994],1995 [YR1995],1996 [YR1996],1997 [YR1997],1998 [YR1998],1999 [YR1999],2000 [YR2000],2001 [YR2001],2002 [YR2002],2003 [YR2003],2004 [YR2004],2005 [YR2005],2006 [YR2006],2007 [YR2007],2008 [YR2008],2009 [YR2009],2010 [YR2010],2011 [YR2011],2012 [YR2012],2013 [YR2013],2014 [YR2014],2015 [YR2015],2016 [YR2016],2017 [YR2017],2018 [YR2018],2019 [YR2019],2020 [YR2020],2021 [YR2021],2022 [YR2022]
Belgium,BEL,"Mortality rate attributed to household and ambient air pollution, age-standardized (per 100,000 population)",SH.STA.AIRP.P5,..,..,..,..,..,..,..,..,..,..,..,..,..,..,..,..,..,..,..,..,..,..,..,..,..,..,..,..,..,..,..,..,..,..,..,..,..,..,..,..,..,..,..,..,..,..,..,..,..,..,..,..,..,..,..,..,..,..,..,15.3,..,..,..
Belgium,BEL,"PM2.5 air pollution, population exposed to levels exceeding WHO guideline value (% of total)",EN.ATM.PM25.MC.ZS,..,..,..,..,..,..,..,..,..,..,..,..,..,..,..,..,..,..,..,..,..,..,..,..,..,..,..,..,..,..,99.8690949002724,..,..,..,..,99.6368919876792,..,..,..,..,99.2754155655164,..,..,..,..,98.9978822682005,..,..,..,..,99.4955888679424,99.3547420632009,98.42810981097,96.8022928575475,94.4891524267585,95.1043453766346,91.7891148256158,91.9485403518636,..,..,..,..,..
Belgium,BEL,"PM2.5 air pollution, mean annual exposure (micrograms per cubic meter)",EN.ATM.PM25.MC.M3,..,..,..,..,..,..,..,..,..,..,..,..,..,..,..,..,..,..,..,..,..,..,..,..,..,..,..,..,..,..,21.05108459,..,..,..,..,19.69909675,..,..,..,..,17.64764194,..,..,..,..,15.83183972,..,..,..,..,16.88463686,16.14879057,15.11497046,14.23228565,12.83901513,13.20164452,12.37628991,12.82757618,12.76304285,12.6724532,..,..,..
Belgium,BEL,"PM2.5 pollution, population exposed to levels exceeding WHO Interim Target-1 value (% of total)",EN.ATM.PM25.MC.T1.ZS,..,..,..,..,..,..,..,..,..,..,..,..,..,..,..,..,..,..,..,..,..,..,..,..,..,..,..,..,..,..,0,..,..,..,..,0,..,..,..,..,0,..,..,..,..,0,..,..,..,..,0,0,0,0,0,0,0,0,..,..,..,..,..
Belgium,BEL,"PM2.5 pollution, population exposed to levels exceeding WHO Interim Target-2 value (% of total)",EN.ATM.PM25.MC.T2.ZS,..,..,..,..,..,..,..,..,..,..,..,..,..,..,..,..,..,..,..,..,..,..,..,..,..,..,..,..,..,..,0,..,..,..,..,0,..,..,..,..,0,..,..,..,..,0,..,..,..,..,0,0,0,0,0,0,0,0,..,..,..,..,..
Belgium,BEL,"PM2.5 pollution, population exposed to levels exceeding WHO Interim Target-3 value (% of total)",EN.ATM.PM25.MC.T3.ZS,..,..,..,..,..,..,..,..,..,..,..,..,..,..,..,..,..,..,..,..,..,..,..,..,..,..,..,..,..,..,88.341992457991,..,..,..,..,83.046476351409,..,..,..,..,68.0982155183904,..,..,..,..,61.3753338383284,..,..,..,..,71.3937787798193,65.901588940983,41.6653136283962,27.1481362981618,14.4520862035176,18.1230496975074,9.12527580328277,9.18145452465878,..,..,..,..,..
Finland,FIN,"Mortality rate attributed to household and ambient air pollution, age-standardized (per 100,000 population)",SH.STA.AIRP.P5,..,..,..,..,..,..,..,..,..,..,..,..,..,..,..,..,..,..,..,..,..,..,..,..,..,..,..,..,..,..,..,..,..,..,..,..,..,..,..,..,..,..,..,..,..,..,..,..,..,..,..,..,..,..,..,..,..,..,..,7.4,..,..,..
Finland,FIN,"PM2.5 air pollution, population exposed to levels exceeding WHO guideline value (% of total)",EN.ATM.PM25.MC.ZS,..,..,..,..,..,..,..,..,..,..,..,..,..,..,..,..,..,..,..,..,..,..,..,..,..,..,..,..,..,..,1.62737385915356,..,..,..,..,0.673758399155855,..,..,..,..,0,..,..,..,..,0.724678785882815,..,..,..,..,0.735149620011244,0.737042448155822,0,0,0,0,0,0,..,..,..,..,..
Finland,FIN,"PM2.5 air pollution, mean annual exposure (micrograms per cubic meter)",EN.ATM.PM25.MC.M3,..,..,..,..,..,..,..,..,..,..,..,..,..,..,..,..,..,..,..,..,..,..,..,..,..,..,..,..,..,..,8.801565223,..,..,..,..,8.138244898,..,..,..,..,7.505004878,..,..,..,..,7.114175404,..,..,..,..,7.205869088,7.018955644,6.363062222,5.983816655,6.373112438,5.62877844,5.589432223,5.257788389,5.596788665,5.565330197,..,..,..
Finland,FIN,"PM2.5 pollution, population exposed to levels exceeding WHO Interim Target-1 value (% of total)",EN.ATM.PM25.MC.T1.ZS,..,..,..,..,..,..,..,..,..,..,..,..,..,..,..,..,..,..,..,..,..,..,..,..,..,..,..,..,..,..,0,..,..,..,..,0,..,..,..,..,0,..,..,..,..,0,..,..,..,..,0,0,0,0,0,0,0,0,..,..,..,..,..
Finland,FIN,"PM2.5 pollution, population exposed to levels exceeding WHO Interim Target-2 value (% of total)",EN.ATM.PM25.MC.T2.ZS,..,..,..,..,..,..,..,..,..,..,..,..,..,..,..,..,..,..,..,..,..,..,..,..,..,..,..,..,..,..,0,..,..,..,..,0,..,..,..,..,0,..,..,..,..,0,..,..,..,..,0,0,0,0,0,0,0,0,..,..,..,..,..
Finland,FIN,"PM2.5 pollution, population exposed to levels exceeding WHO Interim Target-3 value (% of total)",EN.ATM.PM25.MC.T3.ZS,..,..,..,..,..,..,..,..,..,..,..,..,..,..,..,..,..,..,..,..,..,..,..,..,..,..,..,..,..,..,0,..,..,..,..,0,..,..,..,..,0,..,..,..,..,0,..,..,..,..,0,0,0,0,0,0,0,0,..,..,..,..,..
France,FRA,"Mortality rate attributed to household and ambient air pollution, age-standardized (per 100,000 population)",SH.STA.AIRP.P5,..,..,..,..,..,..,..,..,..,..,..,..,..,..,..,..,..,..,..,..,..,..,..,..,..,..,..,..,..,..,..,..,..,..,..,..,..,..,..,..,..,..,..,..,..,..,..,..,..,..,..,..,..,..,..,..,..,..,..,10,..,..,..
France,FRA,"PM2.5 air pollution, population exposed to levels exceeding WHO guideline value (% of total)",EN.ATM.PM25.MC.ZS,..,..,..,..,..,..,..,..,..,..,..,..,..,..,..,..,..,..,..,..,..,..,..,..,..,..,..,..,..,..,99.7744510977107,..,..,..,..,99.6253538132954,..,..,..,..,99.3734142385658,..,..,..,..,99.60444501196,..,..,..,..,99.4790077683923,99.6981801376818,98.6115277752574,97.4091022972142,87.8452497212201,90.4121184733779,78.2774978742629,78.2135639205549,..,..,..,..,..
France,FRA,"PM2.5 air pollution, mean annual exposure (micrograms per cubic meter)",EN.ATM.PM25.MC.M3,..,..,..,..,..,..,..,..,..,..,..,..,..,..,..,..,..,..,..,..,..,..,..,..,..,..,..,..,..,..,18.55297943,..,..,..,..,17.22733302,..,..,..,..,16.07573118,..,..,..,..,14.89539999,..,..,..,..,15.07698542,14.99131566,13.68529611,13.61154039,11.58971968,12.30792454,11.4918237,11.43000879,11.53704439,11.40575038,..,..,..
France,FRA,"PM2.5 pollution, population exposed to levels exceeding WHO Interim Target-1 value (% of total)",EN.ATM.PM25.MC.T1.ZS,..,..,..,..,..,..,..,..,..,..,..,..,..,..,..,..,..,..,..,..,..,..,..,..,..,..,..,..,..,..,0,..,..,..,..,0,..,..,..,..,0,..,..,..,..,0,..,..,..,..,0,0,0,0,0,0,0,0,..,..,..,..,..
France,FRA,"PM2.5 pollution, population exposed to levels exceeding WHO Interim Target-2 value (% of total)",EN.ATM.PM25.MC.T2.ZS,..,..,..,..,..,..,..,..,..,..,..,..,..,..,..,..,..,..,..,..,..,..,..,..,..,..,..,..,..,..,1.21392977406215,..,..,..,..,1.18847866535864,..,..,..,..,0,..,..,..,..,0,..,..,..,..,0,0,0,0,0,0,0,0,..,..,..,..,..
France,FRA,"PM2.5 pollution, population exposed to levels exceeding WHO Interim Target-3 value (% of total)",EN.ATM.PM25.MC.T3.ZS,..,..,..,..,..,..,..,..,..,..,..,..,..,..,..,..,..,..,..,..,..,..,..,..,..,..,..,..,..,..,51.8771842237298,..,..,..,..,47.1235679057607,..,..,..,..,40.1457878928403,..,..,..,..,39.842880327298,..,..,..,..,41.5555617062394,44.391228836623,30.5282440025345,26.6313956963936,12.1145628959408,15.3901886414457,9.14572460898888,9.1245772865403,..,..,..,..,..
Netherlands,NLD,"Mortality rate attributed to household and ambient air pollution, age-standardized (per 100,000 population)",SH.STA.AIRP.P5,..,..,..,..,..,..,..,..,..,..,..,..,..,..,..,..,..,..,..,..,..,..,..,..,..,..,..,..,..,..,..,..,..,..,..,..,..,..,..,..,..,..,..,..,..,..,..,..,..,..,..,..,..,..,..,..,..,..,..,13.1,..,..,..
Netherlands,NLD,"PM2.5 air pollution, population exposed to levels exceeding WHO guideline value (% of total)",EN.ATM.PM25.MC.ZS,..,..,..,..,..,..,..,..,..,..,..,..,..,..,..,..,..,..,..,..,..,..,..,..,..,..,..,..,..,..,99.9999999997722,..,..,..,..,99.9999999997459,..,..,..,..,100,..,..,..,..,100,..,..,..,..,100,100,99.9999999999627,99.8704497249189,99.8344140530631,99.8116826887052,99.5957983323731,99.5981414813269,..,..,..,..,..
Netherlands,NLD,"PM2.5 air pollution, mean annual exposure (micrograms per cubic meter)",EN.ATM.PM25.MC.M3,..,..,..,..,..,..,..,..,..,..,..,..,..,..,..,..,..,..,..,..,..,..,..,..,..,..,..,..,..,..,19.9381451,..,..,..,..,18.55928885,..,..,..,..,16.7914327,..,..,..,..,15.30183547,..,..,..,..,15.71146331,15.49744169,13.81230888,12.72082828,12.18576243,12.65099613,11.51731149,12.42053652,12.07642052,12.0392862,..,..,..
Netherlands,NLD,"PM2.5 pollution, population exposed to levels exceeding WHO Interim Target-1 value (% of total)",EN.ATM.PM25.MC.T1.ZS,..,..,..,..,..,..,..,..,..,..,..,..,..,..,..,..,..,..,..,..,..,..,..,..,..,..,..,..,..,..,0,..,..,..,..,0,..,..,..,..,0,..,..,..,..,0,..,..,..,..,0,0,0,0,0,0,0,0,..,..,..,..,..
Netherlands,NLD,"PM2.5 pollution, population exposed to levels exceeding WHO Interim Target-2 value (% of total)",EN.ATM.PM25.MC.T2.ZS,..,..,..,..,..,..,..,..,..,..,..,..,..,..,..,..,..,..,..,..,..,..,..,..,..,..,..,..,..,..,0,..,..,..,..,0,..,..,..,..,0,..,..,..,..,0,..,..,..,..,0,0,0,0,0,0,0,0,..,..,..,..,..
Netherlands,NLD,"PM2.5 pollution, population exposed to levels exceeding WHO Interim Target-3 value (% of total)",EN.ATM.PM25.MC.T3.ZS,..,..,..,..,..,..,..,..,..,..,..,..,..,..,..,..,..,..,..,..,..,..,..,..,..,..,..,..,..,..,88.3246230869651,..,..,..,..,74.097591215989,..,..,..,..,52.8222816826619,..,..,..,..,30.1705701933973,..,..,..,..,60.5147509774781,52.1221186885419,4.91903356391359,0.217166101691402,0.181258245765292,0.201381024694758,0.0426748923785025,0.0425446030486443,..,..,..,..,..
United Kingdom,GBR,"Mortality rate attributed to household and ambient air pollution, age-standardized (per 100,000 population)",SH.STA.AIRP.P5,..,..,..,..,..,..,..,..,..,..,..,..,..,..,..,..,..,..,..,..,..,..,..,..,..,..,..,..,..,..,..,..,..,..,..,..,..,..,..,..,..,..,..,..,..,..,..,..,..,..,..,..,..,..,..,..,..,..,..,13.4,..,..,..
United Kingdom,GBR,"PM2.5 air pollution, population exposed to levels exceeding WHO guideline value (% of total)",EN.ATM.PM25.MC.ZS,..,..,..,..,..,..,..,..,..,..,..,..,..,..,..,..,..,..,..,..,..,..,..,..,..,..,..,..,..,..,91.1390847523653,..,..,..,..,89.5804588905897,..,..,..,..,88.2474263818387,..,..,..,..,88.6541863617548,..,..,..,..,87.5024347222583,90.3821512983428,84.7873426670964,82.4165941402516,72.0666771997428,71.9634942035637,67.1006731271173,66.5332490328298,..,..,..,..,..
United Kingdom,GBR,"PM2.5 air pollution, mean annual exposure (micrograms per cubic meter)",EN.ATM.PM25.MC.M3,..,..,..,..,..,..,..,..,..,..,..,..,..,..,..,..,..,..,..,..,..,..,..,..,..,..,..,..,..,..,17.40916781,..,..,..,..,16.37593902,..,..,..,..,14.85608116,..,..,..,..,13.33739937,..,..,..,..,12.42896791,12.99522944,11.43181815,11.42279633,10.88658588,10.37250919,10.21445169,10.35539774,10.17141578,10.09284402,..,..,..
United Kingdom,GBR,"PM2.5 pollution, population exposed to levels exceeding WHO Interim Target-1 value (% of total)",EN.ATM.PM25.MC.T1.ZS,..,..,..,..,..,..,..,..,..,..,..,..,..,..,..,..,..,..,..,..,..,..,..,..,..,..,..,..,..,..,0,..,..,..,..,0,..,..,..,..,0,..,..,..,..,0,..,..,..,..,0,0,0,0,0,0,0,0,..,..,..,..,..
United Kingdom,GBR,"PM2.5 pollution, population exposed to levels exceeding WHO Interim Target-2 value (% of total)",EN.ATM.PM25.MC.T2.ZS,..,..,..,..,..,..,..,..,..,..,..,..,..,..,..,..,..,..,..,..,..,..,..,..,..,..,..,..,..,..,0,..,..,..,..,0,..,..,..,..,0,..,..,..,..,0,..,..,..,..,0,0,0,0,0,0,0,0,..,..,..,..,..
United Kingdom,GBR,"PM2.5 pollution, population exposed to levels exceeding WHO Interim Target-3 value (% of total)",EN.ATM.PM25.MC.T3.ZS,..,..,..,..,..,..,..,..,..,..,..,..,..,..,..,..,..,..,..,..,..,..,..,..,..,..,..,..,..,..,20.2169813871617,..,..,..,..,14.6923107414309,..,..,..,..,9.57763704069513,..,..,..,..,7.96521936398286,..,..,..,..,6.95746814695039,10.9248519549833,5.0797061093154,4.40417299941835,1.17923806606237,2.53098843492732,1.20245729264618,1.214196134887,..,..,..,..,..
European Union,EUU,"Mortality rate attributed to household and ambient air pollution, age-standardized (per 100,000 population)",SH.STA.AIRP.P5,..,..,..,..,..,..,..,..,..,..,..,..,..,..,..,..,..,..,..,..,..,..,..,..,..,..,..,..,..,..,..,..,..,..,..,..,..,..,..,..,..,..,..,..,..,..,..,..,..,..,..,..,..,..,..,..,..,..,..,20.2835802342063,..,..,..
European Union,EUU,"PM2.5 air pollution, population exposed to levels exceeding WHO guideline value (% of total)",EN.ATM.PM25.MC.ZS,..,..,..,..,..,..,..,..,..,..,..,..,..,..,..,..,..,..,..,..,..,..,..,..,..,..,..,..,..,..,92.9321603222304,..,..,..,..,92.4312393935602,..,..,..,..,92.050231844413,..,..,..,..,91.9124347296017,..,..,..,..,91.3950121568825,92.3774687396628,89.560847186099,88.19833815121,84.4598696672187,85.6082549078722,79.8130314071652,79.8646231294821,..,..,..,..,..
European Union,EUU,"PM2.5 air pollution, mean annual exposure (micrograms per cubic meter)",EN.ATM.PM25.MC.M3,..,..,..,..,..,..,..,..,..,..,..,..,..,..,..,..,..,..,..,..,..,..,..,..,..,..,..,..,..,..,21.6069395292446,..,..,..,..,20.2587656322214,..,..,..,..,18.6233375241084,..,..,..,..,17.1722205647182,..,..,..,..,17.0454574708348,17.3208928556419,15.5206959636466,14.9767619044992,14.1454972043513,14.3712466566487,13.2209311899878,13.4796466853834,13.5276814727209,13.3991506047814,..,..,..
European Union,EUU,"PM2.5 pollution, population exposed to levels exceeding WHO Interim Target-1 value (% of total)",EN.ATM.PM25.MC.T1.ZS,..,..,..,..,..,..,..,..,..,..,..,..,..,..,..,..,..,..,..,..,..,..,..,..,..,..,..,..,..,..,..,..,..,..,..,..,..,..,..,..,..,..,..,..,..,..,..,..,..,..,..,..,..,..,..,..,..,..,..,..,..,..,..
European Union,EUU,"PM2.5 pollution, population exposed to levels exceeding WHO Interim Target-2 value (% of total)",EN.ATM.PM25.MC.T2.ZS,..,..,..,..,..,..,..,..,..,..,..,..,..,..,..,..,..,..,..,..,..,..,..,..,..,..,..,..,..,..,..,..,..,..,..,..,..,..,..,..,..,..,..,..,..,..,..,..,..,..,..,..,..,..,..,..,..,..,..,..,..,..,..
European Union,EUU,"PM2.5 pollution, population exposed to levels exceeding WHO Interim Target-3 value (% of total)",EN.ATM.PM25.MC.T3.ZS,..,..,..,..,..,..,..,..,..,..,..,..,..,..,..,..,..,..,..,..,..,..,..,..,..,..,..,..,..,..,..,..,..,..,..,..,..,..,..,..,..,..,..,..,..,..,..,..,..,..,..,..,..,..,..,..,..,..,..,..,..,..,..
,,,,,,,,,,,,,,,,,,,,,,,,,,,,,,,,,,,,,,,,,,,,,,,,,,,,,,,,,,,,,,,,,,
,,,,,,,,,,,,,,,,,,,,,,,,,,,,,,,,,,,,,,,,,,,,,,,,,,,,,,,,,,,,,,,,,,
,,,,,,,,,,,,,,,,,,,,,,,,,,,,,,,,,,,,,,,,,,,,,,,,,,,,,,,,,,,,,,,,,,
Data from database: World Development Indicators,,,,,,,,,,,,,,,,,,,,,,,,,,,,,,,,,,,,,,,,,,,,,,,,,,,,,,,,,,,,,,,,,,
Last Updated: 09/19/2023,,,,,,,,,,,,,,,,,,,,,,,,,,,,,,,,,,,,,,,,,,,,,,,,,,,,,,,,,,,,,,,,,,
Code,License Type,Indicator Name,Long definition,Source,Topic,Periodicity,Aggregation method,Statistical concept and methodology,Development relevance,Limitations and exceptions,General comments,License URL
SH.STA.AIRP.P5,CC BY-4.0,"Mortality rate attributed to household and ambient air pollution, age-standardized (per 100,000 population)","Mortality rate attributed to household and ambient air pollution is the number of deaths attributable to the joint effects of household and ambient air pollution in a year per 100,000 population. The rates are age-standardized.  Following diseases are taken into account: acute respiratory infections (estimated for all ages); cerebrovascular diseases in adults (estimated above 25 years); ischaemic heart diseases in adults (estimated above 25 years); chronic obstructive pulmonary disease in adults (estimated above 25 years); and lung cancer in adults (estimated above 25 years).","World Health Organization, Global Health Observatory Data Repository (http://apps.who.int/ghodata/).",Health: Mortality,Annual,Weighted average,"Burden of disease (or in the present case attributable mortality) is calculated by first combining information on the increased (or relative) risk of a disease resulting from exposure, with information on how widespread the exposure is in the population (e.g.  the annual mean concentration of particulate matter to which the population is exposed). This allows calculation of the 'population attributable fraction' (PAF), which is the fraction of disease seen in a given population that can be attributed  to the exposure (e.g in this case the annual mean concentration of particulate matter). Applying this fraction to the total burden of disease (e.g. cardiopulmonary disease expressed as deaths or DALYs), gives the total number of deaths or DALYs that results from exposure to that particular risk factor (in the example given above, to ambient air pollution). To estimate the combined effects of risk factors, a joint population attributable fraction is calculated, as described in Ezzati et al (2003).","Air pollution is one of the biggest environmental risks to health.  According to the World Health Organization, the combined effects of ambient (outdoor) and household air pollution cause about 7 million premature deaths every year.  Most deaths occur due to increased mortality from stroke, heart disease, chronic obstructive pulmonary disease, lung cancer and acute respiratory infections.  The majority of the burden is borne by populations in low and middle income countries.","Estimates of the joint effects of air pollution are constrained by limited knowledge on the distribution of the population exposed to both household and ambient air pollution, correlation of exposures at individual level as household air pollution is a contributor to ambient air pollution, and non-linear interactions",This is the Sustainable Development Goal indicator 3.9.1 [https://unstats.un.org/sdgs/metadata/].,https://datacatalog.worldbank.org/public-licenses#cc-by
EN.ATM.PM25.MC.ZS,CC BY-4.0,"PM2.5 air pollution, population exposed to levels exceeding WHO guideline value (% of total)","Percent of population exposed to ambient concentrations of PM2.5 that exceed the WHO guideline value is defined as the portion of a country’s population living in places where mean annual concentrations of PM2.5 are greater than 10 micrograms per cubic meter, the guideline value recommended by the World Health Organization as the lower end of the range of concentrations over which adverse health effects due to PM2.5 exposure have been observed.","Brauer, M. et al. 2017, for the Global Burden of Disease Study 2017.",Environment: Emissions,Annual,Weighted average,"A. van Donkelaar, R.V. Martin, M. Brauer, N.C. Hsu, R.A. Kahn, R.C. Levy, A. Lyapustin, A.M. Sayer, D.M. Winker, "Global Estimates of Fine Particulate Matter using a Combined Geophysical-Statistical Method with Information from Satellites, Models, and Monitors," Environ. Sci. Technol 50, no. 7 (2016): 3762–3772; GBD 2017 Risk Factors Collaborators, "Global, regional, and national comparative risk assessment of 84 behavioural, environmental and occupational, and metabolic risks or clusters of risks for 194 countries and territories, 1990–2017: a systematic analysis for the Global Burden of Disease Study 2017," Lancet 392 (2018): 1923-1994; Shaddick G, Thomas M, Amini H, Broday DM, Cohen A, Frostad J, Green A, Gumy S, Liu Y, Martin RV, Prüss-Üstün A, Simpson D, van Donkelaar A, Brauer M. Data integration for the assessment of population exposure to ambient air pollution for global burden of disease assessment. Environ Sci Technol. 2018 Jun 29. Data provided by Institute for Health Metrics and Evaluation, University of Washington, Seattle. Data on exposure to ambient air pollution are derived from estimates of annual concentrations of very fine particulates produced by the Global Burden of Disease study, an international scientific effort led by the Institute for Health Metrics and Evaluation at the University of Washington. Estimates of annual concentrations are generated by combining data from atmospheric chemistry transport models, satellite observations of aerosols in the atmosphere, and ground-level monitoring of particulates. Overlaying PM2.5 estimates with gridded population data, the percent of a nation's people that lives in areas where PM2.5 concentrations exceed recommended levels is calculated by summing the population for grid cells where PM2.5 concentrations are beyond a threshold value, in this case 10 micrograms per cubic meter, and then dividing by total population.","Air pollution places a major burden on world health. In many places, including cities but also in rural areas, exposure to air pollution is the main environmental threat to health, responsible for 6.5 million deaths per year, about one every 5 seconds. Around 40 percent of the world’s people rely on household burning of wood, charcoal, dung, crop waste, or coal to meet basic energy needs. Cooking and heating with solid fuels create harmful smoke and particles that fill homes and the surrounding environment. Household air pollution from cooking and heating with solid fuels is responsible for 2.9 million deaths a year. Long-term exposure to high levels of fine particles in the air contributes to a range of health effects, including respiratory diseases, lung cancer, and heart disease, resulting in 4.2 million deaths annually. Not only does exposure to air pollution affect the health of the world’s people, it also carries huge economic costs and represents a drag on development, particularly for low and middle income countries and vulnerable segments of the population such as children and the elderly.","Pollutant concentrations are sensitive to local conditions, and even monitoring sites in the same city may register different levels. Direct monitoring of PM2.5 is still rare in most parts of the world, and measurement protocols and standards are not the same for all countries. These data should be considered only a general indication of air quality, intended to inform cross-country comparisons of the health risks due to particulate matter pollution. The guideline set by the World Health Organization (WHO) for PM2.5 is that annual mean concentrations should not exceed 10 micrograms per cubic meter, representing the lower range over which adverse health effects have been observed. The WHO has also recommended guideline values for emissions of PM2.5 from burning fuels in households.",,https://datacatalog.worldbank.org/public-licenses#cc-by
EN.ATM.PM25.MC.M3,CC BY-4.0,"PM2.5 air pollution, mean annual exposure (micrograms per cubic meter)","Population-weighted exposure to ambient PM2.5 pollution is defined as the average level of exposure of a nation's population to concentrations of suspended particles measuring less than 2.5 microns in aerodynamic diameter, which are capable of penetrating deep into the respiratory tract and causing severe health damage. Exposure is calculated by weighting mean annual concentrations of PM2.5 by population in both urban and rural areas.","Global Burden of Disease Collaborative Network. 2021. Global Burden of Disease Study 2019 (GBD 2019) Air Pollution Exposure Estimates 1990-2019. Seattle, United States of America: Institute for Health Metrics and Evaluation (IHME). https://doi.org/10.6069/70JS-NC54",Environment: Emissions,Annual,Weighted average,"A. van Donkelaar, R.V. Martin, M. Brauer, N.C. Hsu, R.A. Kahn, R.C. Levy, A. Lyapustin, A.M. Sayer, D.M. Winker, "Global Estimates of Fine Particulate Matter using a Combined Geophysical-Statistical Method with Information from Satellites, Models, and Monitors," Environ. Sci. Technol 50, no. 7 (2016): 3762–3772; GBD 2017 Risk Factors Collaborators, "Global, regional, and national comparative risk assessment of 84 behavioural, environmental and occupational, and metabolic risks or clusters of risks for 194 countries and territories, 1990–2017: a systematic analysis for the Global Burden of Disease Study 2017," Lancet 392 (2018): 1923-1994; Shaddick G, Thomas M, Amini H, Broday DM, Cohen A, Frostad J, Green A, Gumy S, Liu Y, Martin RV, Prüss-Üstün A, Simpson D, van Donkelaar A, Brauer M. Data integration for the assessment of population exposure to ambient air pollution for global burden of disease assessment. Environ Sci Technol. 2018 Jun 29. Data provided by Institute for Health Metrics and Evaluation, University of Washington, Seattle. Data on exposure to ambient air pollution are derived from estimates of annual concentrations of very fine particulates produced by the Global Burden of Disease study, an international scientific effort led by the Institute for Health Metrics and Evaluation at the University of Washington. Estimates of annual concentrations are generated by combining data from atmospheric chemistry transport models, satellite observations of aerosols in the atmosphere, and ground-level monitoring of particulates. Exposure to concentrations of PM2.5 in both urban and rural areas is weighted by population and is aggregated at the national level.","Air pollution places a major burden on world health. In many places, including cities but also in rural areas, exposure to air pollution is the main environmental threat to health, responsible for 6.5 million deaths per year, about one every 5 seconds. Around 40 percent of the world’s people rely on household burning of wood, charcoal, dung, crop waste, or coal to meet basic energy needs. Cooking and heating with solid fuels create harmful smoke and particles that fill homes and the surrounding environment. Household air pollution from cooking and heating with solid fuels is responsible for 2.9 million deaths a year. Long-term exposure to high levels of fine particles in the air contributes to a range of health effects, including respiratory diseases, lung cancer, and heart disease, resulting in 4.2 million deaths annually. Not only does exposure to air pollution affect the health of the world’s people, it also carries huge economic costs and represents a drag on development, particularly for low and middle income countries and vulnerable segments of the population such as children and the elderly.","Pollutant concentrations are sensitive to local conditions, and even monitoring sites in the same city may register different levels. Direct monitoring of PM2.5 is still rare in most parts of the world, and measurement protocols and standards are not the same for all countries. These data should be considered only a general indication of air quality, intended to inform cross-country comparisons of the health risks due to particulate matter pollution. The guideline set by the World Health Organization (WHO) for PM2.5 is that annual mean concentrations should not exceed 10 micrograms per cubic meter, representing the lower range over which adverse health effects have been observed. The WHO has also recommended guideline values for emissions of PM2.5 from burning fuels in households.",,https://datacatalog.worldbank.org/public-licenses#cc-by
EN.ATM.PM25.MC.T1.ZS,CC BY-4.0,"PM2.5 pollution, population exposed to levels exceeding WHO Interim Target-1 value (% of total)",Percent of population exposed to ambient concentrations of PM2.5 that exceed the World Health Organization (WHO) Interim Target 1 (IT-1) is defined as the portion of a country’s population living in places where mean annual concentrations of PM2.5 are greater than 35 micrograms per cubic meter. The Air Quality Guideline (AQG) of 10 micrograms per cubic meter is recommended by the WHO as the lower end of the range of concentrations over which adverse health effects due to PM2.5 exposure have been observed.,"Brauer, M. et al. 2017, for the Global Burden of Disease Study 2017.",Environment: Emissions,Annual,Weighted average,"A. van Donkelaar, R.V. Martin, M. Brauer, N.C. Hsu, R.A. Kahn, R.C. Levy, A. Lyapustin, A.M. Sayer, D.M. Winker, "Global Estimates of Fine Particulate Matter using a Combined Geophysical-Statistical Method with Information from Satellites, Models, and Monitors," Environ. Sci. Technol 50, no. 7 (2016): 3762–3772;GBD 2017 Risk Factors Collaborators, "Global, regional, and national comparative risk assessment of 84 behavioural, environmental and occupational, and metabolic risks or clusters of risks for 194 countries and territories, 1990–2017: a systematic analysis for the Global Burden of Disease Study 2017," Lancet 392 (2018): 1923-1994; Shaddick G, Thomas M, Amini H, Broday DM, Cohen A, Frostad J, Green A, Gumy S, Liu Y, Martin RV, Prüss-Üstün A, Simpson D, van Donkelaar A, Brauer M. Data integration for the assessment of population exposure to ambient air pollution for global burden of disease assessment. Environ Sci Technol. 2018 Jun 29. Data provided by Institute for Health Metrics and Evaluation, University of Washington, Seattle. Data on exposure to ambient air pollution are derived from estimates of annual concentrations of very fine particulates produced by the Global Burden of Disease study, an international scientific effort led by the Institute for Health Metrics and Evaluation at the University of Washington. Estimates of annual concentrations are generated by combining data from atmospheric chemistry transport models, satellite observations of aerosols in the atmosphere, and ground-level monitoring of particulates. Overlaying PM2.5 estimates with gridded population data, the percent of a nation's people that lives in areas where PM2.5 concentrations exceed recommended levels is calculated by summing the population for grid cells where PM2.5 concentrations are beyond a threshold value, in this case 10 micrograms per cubic meter, and then dividing by total population.","Air pollution places a major burden on world health. In many places, including cities but also in rural areas, exposure to air pollution is the main environmental threat to health, responsible for 6.5 million deaths per year, about one every 5 seconds. Around 40 percent of the world’s people rely on household burning of wood, charcoal, dung, crop waste, or coal to meet basic energy needs. Cooking and heating with solid fuels create harmful smoke and particles that fill homes and the surrounding environment. Household air pollution from cooking and heating with solid fuels is responsible for 2.9 million deaths a year. Long-term exposure to high levels of fine particles in the air contributes to a range of health effects, including respiratory diseases, lung cancer, and heart disease, resulting in 4.2 million deaths annually. Not only does exposure to air pollution affect the health of the world’s people, it also carries huge economic costs and represents a drag on development, particularly for low and middle income countries and vulnerable segments of the population such as children and the elderly. Three interim targets were defined for PM2.5 and have been shown to be achievable with successive and sustained abatement measures. Countries may find these interim targets particularly helpful in gauging progress over time in the difficult process of steadily reducing population exporsure to PM. IT-1 level corresponds to the highest mean concentrations reported in studies of long-term effects, and may also reflect higher but unknown historical concentrations that may have been contributed to observed health effects. IT-1 level has been shown to be associated with significant mortality in the developed world.","Pollutant concentrations are sensitive to local conditions, and even monitoring sites in the same city may register different levels. Direct monitoring of PM2.5 is still rare in most parts of the world, and measurement protocols and standards are not the same for all countries. These data should be considered only a general indication of air quality, intended to inform cross-country comparisons of the health risks due to particulate matter pollution. The guideline set by the World Health Organization (WHO) for PM2.5 is that annual mean concentrations should not exceed 10 micrograms per cubic meter, representing the lower range over which adverse health effects have been observed. The WHO has also recommended guideline values for emissions of PM2.5 from burning fuels in households.",,https://datacatalog.worldbank.org/public-licenses#cc-by
EN.ATM.PM25.MC.T2.ZS,CC BY-4.0,"PM2.5 pollution, population exposed to levels exceeding WHO Interim Target-2 value (% of total)",Percent of population exposed to ambient concentrations of PM2.5 that exceed the World Health Organization (WHO) Interim Target 2 (IT-2) is defined as the portion of a country’s population living in places where mean annual concentrations of PM2.5 are greater than 25 micrograms per cubic meter. The Air Quality Guideline (AQG) of 10 micrograms per cubic meter is recommended by the WHO as the lower end of the range of concentrations over which adverse health effects due to PM2.5 exposure have been observed.,"Brauer, M. et al. 2017, for the Global Burden of Disease Study 2017.",Environment: Emissions,Annual,Weighted average,"A. van Donkelaar, R.V. Martin, M. Brauer, N.C. Hsu, R.A. Kahn, R.C. Levy, A. Lyapustin, A.M. Sayer, D.M. Winker, "Global Estimates of Fine Particulate Matter using a Combined Geophysical-Statistical Method with Information from Satellites, Models, and Monitors," Environ. Sci. Technol 50, no. 7 (2016): 3762–3772; GBD 2017 Risk Factors Collaborators, "Global, regional, and national comparative risk assessment of 84 behavioural, environmental and occupational, and metabolic risks or clusters of risks for 194 countries and territories, 1990–2017: a systematic analysis for the Global Burden of Disease Study 2017," Lancet 392 (2018): 1923-1994; Shaddick G, Thomas M, Amini H, Broday DM, Cohen A, Frostad J, Green A, Gumy S, Liu Y, Martin RV, Prüss-Üstün A, Simpson D, van Donkelaar A, Brauer M. Data integration for the assessment of population exposure to ambient air pollution for global burden of disease assessment. Environ Sci Technol. 2018 Jun 29. Data provided by Institute for Health Metrics and Evaluation, University of Washington, Seattle. Data on exposure to ambient air pollution are derived from estimates of annual concentrations of very fine particulates produced by the Global Burden of Disease study, an international scientific effort led by the Institute for Health Metrics and Evaluation at the University of Washington. Estimates of annual concentrations are generated by combining data from atmospheric chemistry transport models, satellite observations of aerosols in the atmosphere, and ground-level monitoring of particulates. Overlaying PM2.5 estimates with gridded population data, the percent of a nation's people that lives in areas where PM2.5 concentrations exceed recommended levels is calculated by summing the population for grid cells where PM2.5 concentrations are beyond a threshold value, in this case 10 micrograms per cubic meter, and then dividing by total population.","Air pollution places a major burden on world health. In many places, including cities but also in rural areas, exposure to air pollution is the main environmental threat to health, responsible for 6.5 million deaths per year, about one every 5 seconds. Around 40 percent of the world’s people rely on household burning of wood, charcoal, dung, crop waste, or coal to meet basic energy needs. Cooking and heating with solid fuels create harmful smoke and particles that fill homes and the surrounding environment. Household air pollution from cooking and heating with solid fuels is responsible for 2.9 million deaths a year. Long-term exposure to high levels of fine particles in the air contributes to a range of health effects, including respiratory diseases, lung cancer, and heart disease, resulting in 4.2 million deaths annually. Not only does exposure to air pollution affect the health of the world’s people, it also carries huge economic costs and represents a drag on development, particularly for low and middle income countries and vulnerable segments of the population such as children and the elderly. Three interim targets were defined for PM2.5 and have been shown to be achievable with successive and sustained abatement measures. Countries may find these interim targets particularly helpful in gauging progress over time in the difficult process of steadily reducing population exporsure to PM. IT-2 level is greater than the mean concentration at which effects have been observed in studies of long-term exposure and mortality and is likely to be associated with significant health impacts from both long-term and daily exposures to PM2.5. Attainment of IT-2 value would reduce the health risks of long-term exposure by about 6% relative to the IT-1 value.","Pollutant concentrations are sensitive to local conditions, and even monitoring sites in the same city may register different levels. Direct monitoring of PM2.5 is still rare in most parts of the world, and measurement protocols and standards are not the same for all countries. These data should be considered only a general indication of air quality, intended to inform cross-country comparisons of the health risks due to particulate matter pollution. The guideline set by the World Health Organization (WHO) for PM2.5 is that annual mean concentrations should not exceed 10 micrograms per cubic meter, representing the lower range over which adverse health effects have been observed. The WHO has also recommended guideline values for emissions of PM2.5 from burning fuels in households.",,https://datacatalog.worldbank.org/public-licenses#cc-by
EN.ATM.PM25.MC.T3.ZS,CC BY-4.0,"PM2.5 pollution, population exposed to levels exceeding WHO Interim Target-3 value (% of total)",Percent of population exposed to ambient concentrations of PM2.5 that exceed the World Health Organization (WHO) Interim Target 3 (IT-3) is defined as the portion of a country’s population living in places where mean annual concentrations of PM2.5 are greater than 15 micrograms per cubic meter. The Air Quality Guideline (AQG) of 10 micrograms per cubic meter is recommended by the WHO as the lower end of the range of concentrations over which adverse health effects due to PM2.5 exposure have been observed.,"Brauer, M. et al. 2017, for the Global Burden of Disease Study 2017.",Environment: Emissions,Annual,Weighted average,"A. van Donkelaar, R.V. Martin, M. Brauer, N.C. Hsu, R.A. Kahn, R.C. Levy, A. Lyapustin, A.M. Sayer, D.M. Winker, "Global Estimates of Fine Particulate Matter using a Combined Geophysical-Statistical Method with Information from Satellites, Models, and Monitors," Environ. Sci. Technol 50, no. 7 (2016): 3762–3772; GBD 2017 Risk Factors Collaborators, "Global, regional, and national comparative risk assessment of 84 behavioural, environmental and occupational, and metabolic risks or clusters of risks for 194 countries and territories, 1990–2017: a systematic analysis for the Global Burden of Disease Study 2017," Lancet 392 (2018): 1923-1994; Shaddick G, Thomas M, Amini H, Broday DM, Cohen A, Frostad J, Green A, Gumy S, Liu Y, Martin RV, Prüss-Üstün A, Simpson D, van Donkelaar A, Brauer M. Data integration for the assessment of population exposure to ambient air pollution for global burden of disease assessment. Environ Sci Technol. 2018 Jun 29. Data provided by Institute for Health Metrics and Evaluation, University of Washington, Seattle. Data on exposure to ambient air pollution are derived from estimates of annual concentrations of very fine particulates produced by the Global Burden of Disease study, an international scientific effort led by the Institute for Health Metrics and Evaluation at the University of Washington. Estimates of annual concentrations are generated by combining data from atmospheric chemistry transport models, satellite observations of aerosols in the atmosphere, and ground-level monitoring of particulates. Overlaying PM2.5 estimates with gridded population data, the percent of a nation's people that lives in areas where PM2.5 concentrations exceed recommended levels is calculated by summing the population for grid cells where PM2.5 concentrations are beyond a threshold value, in this case 10 micrograms per cubic meter, and then dividing by total population.","Air pollution places a major burden on world health. In many places, including cities but also in rural areas, exposure to air pollution is the main environmental threat to health, responsible for 6.5 million deaths per year, about one every 5 seconds. Around 40 percent of the world’s people rely on household burning of wood, charcoal, dung, crop waste, or coal to meet basic energy needs. Cooking and heating with solid fuels create harmful smoke and particles that fill homes and the surrounding environment. Household air pollution from cooking and heating with solid fuels is responsible for 2.9 million deaths a year. Long-term exposure to high levels of fine particles in the air contributes to a range of health effects, including respiratory diseases, lung cancer, and heart disease, resulting in 4.2 million deaths annually. Not only does exposure to air pollution affect the health of the world’s people, it also carries huge economic costs and represents a drag on development, particularly for low and middle income countries and vulnerable segments of the population such as children and the elderly. Three interim targets were defined for PM2.5 and have been shown to be achievable with successive and sustained abatement measures. Countries may find these interim targets particularly helpful in gauging progress over time in the difficult process of steadily reducing population exporsure to PM. IT-3 level places greater weight than IT-2 on the likelihood of signifcant effects associated with long-term exposures. IT-3 value is close to the mean concentrations that are reported in studies of long-term exposure and provides an additional 6% reduction in mortality risk relative to the IT-2 value.","Pollutant concentrations are sensitive to local conditions, and even monitoring sites in the same city may register different levels. Direct monitoring of PM2.5 is still rare in most parts of the world, and measurement protocols and standards are not the same for all countries. These data should be considered only a general indication of air quality, intended to inform cross-country comparisons of the health risks due to particulate matter pollution. The guideline set by the World Health Organization (WHO) for PM2.5 is that annual mean concentrations should not exceed 10 micrograms per cubic meter, representing the lower range over which adverse health effects have been observed. The WHO has also recommended guideline values for emissions of PM2.5 from burning fuels in households.",,https://datacatalog.worldbank.org/public-licenses#cc-by
